,dummy_model_score,logistic_regression_score
0,0.7592592592592593,0.7530864197530864
